{
  "N": 180,
  "end_position_error": 0.05077628456813802,
  "min_obstacle_distance": 0.6000023570446161,
  "solve_time_sec": 5.088119268417358
}