{
  "N": 70,
  "end_position_error": 0.36158609559728705,
  "min_obstacle_distance": 0.6479388678902015,
  "solve_time_sec": 0.1729564666748047
}