{
  "N": 180,
  "end_position_error": 0.07070927802591262,
  "min_obstacle_distance": 0.5163778044954773,
  "solve_time_sec": 5.810785531997681
}