{
  "N": 70,
  "end_position_error": 0.3934279253405423,
  "min_obstacle_distance": 0.6481312578976884,
  "solve_time_sec": 0.11309432983398438
}