{
  "N": 70,
  "end_position_error": 0.3555239673228951,
  "min_obstacle_distance": 0.647862907690342,
  "solve_time_sec": 0.1663806438446045
}